time,vwc,temp
1,0.2422044,11.21961